nom,email
Jean Dupont,jean.dupont@example.com
Marie Martin,marie.martin@example.com
Pierre Durant,pierre.durant@example.com
Sophie Bernard,sophie.bernard@example.com
Luc Moreau,luc.moreau@example.com
Emma Petit,emma.petit@example.com
Thomas Roux,thomas.roux@example.com
Julie Lambert,julie.lambert@example.com
Nicolas Blanc,nicolas.blanc@example.com
Camille Dubois,camille.dubois@example.com
